Kecamatan,Jumlah Penduduk (jiwa),Laju Pertumbuhan Penduduk per Tahun 2020-2024 (%)
Kencong,71155,-0.42
Gumuk Mas,90255,0.01
Puger,126660,0.19
Wuluhan,129414,0.56
Ambulu,121482,0.64
Tempurejo,82126,0.38
Silo,112043,0.43
Mayang,52840,0.56
Mumbulsari,70473,0.53
Jenggawah,91828,0.58
Ajung,86033,0.62
Rambipuji,88684,0.15
Balung,84749,0.42
Umbulsari,79411,-0.27
Semboro,50011,-0.21
Jombang,56241,-0.35
Sumberbaru,116359,-0.33
Tanggul,94169,-0.24
Bangsalsari,128748,0.46
Panti,67654,0.52
Sukorambi,42929,0.69
Arjasa,43286,0.77
Pakusari,47131,0.74
Kalisat,80671,0.28
Ledokombo,70559,0.36
Sumberjambe,65112,0.67
Sukowono,62498,0.59
Jelbuk,33938,0.86
Kaliwates,127701,0.6
Sumbersari,137792,0.92
Patrang,103922,0.51
Kabupaten Jember,2615874,0.57
